<?xml version="1.0" encoding="UTF-8"?>
<!DOCTYPE struts PUBLIC "-//Apache Software Foundation//DTD Struts Configuration 2.0//EN" "http://struts.apache.org/dtds/struts-2.0.dtd">
<struts>
<!--
			WARNING: This file was automatically generated from Eclipse Alveole Studio Plugin.
			Do not edit it mannually: it will be erased automatically !
			-->
<package name="alveole" extends="alveole-defaults">
<action name="index" class="com.alveole.helloworld.Action" method="init">
<result type="dispatcher" name="success">/jsp/init.jsp</result>
</action>
<action name="helloworld" class="com.alveole.helloworld.Action" method="hello">
<result type="dispatcher" name="hello">/jsp/hello.jsp</result>
<result type="dispatcher" name="bye">/jsp/bye.jsp</result>
<interceptor-ref name="params"/>
</action>
<action name="close" class="com.alveole.helloworld.Action" method="close">
<result type="dispatcher" name="success">/jsp/close.jsp</result>
</action>
</package>
</struts>
