<?xml version="1.0" encoding="UTF-8"?>
<webProject name="project">
<description></description>
<package extends="alveole-defaults" id="root" label="root" name="alveole-defaults">
<package id="c72c7e9c-6bcd-49c3-aaf5-275f39411d4f" label="Initialization" parentpath="" path="/init">
<action id="3d83ffb6-73c7-40e1-ad76-f0e8e4262f1e" label="Initialization on session" mgrId="com.alveole.studio.web.managers.Struts2ActionActionManager" packagepath="/init">
<uiPreferences/>
<specific class="com.alveole.helloworld.Action" method="init" path="index">
<interceptors/>
</specific>
</action>
<view id="429e00b9-349b-474e-a691-eac492aad7e2" label="Initial view" mgrId="com.alveole.studio.web.managers.JspGenericViewManager" packagepath="/init">
<specific jsp.path="/jsp/init.jsp"/>
</view>
</package>
<package id="075618a5-d3da-488c-b907-d91bb347d687" label="Hello World" parentpath="" path="/helloworld">
<action id="f2b05daa-377b-47e0-bf46-6ea0759b3229" label="Hello World action" mgrId="com.alveole.studio.web.managers.Struts2ActionActionManager" packagepath="/helloworld">
<uiPreferences/>
<specific class="com.alveole.helloworld.Action" method="hello" path="helloworld">
<interceptors>
<interceptor-ref name="params"/>
</interceptors>
</specific>
</action>
<view id="d1082c64-596d-4a85-a0c0-67ef03d9f37e" label="Hello World" mgrId="com.alveole.studio.web.managers.JspGenericViewManager" packagepath="/helloworld">
<specific jsp.path="/jsp/hello.jsp"/>
</view>
<view id="92d96a9e-a70b-417d-99a6-f8ce5ff17ce6" label="Bye bye cruel world !!!" mgrId="com.alveole.studio.web.managers.JspGenericViewManager" packagepath="/helloworld">
<specific jsp.path="/jsp/bye.jsp"/>
</view>
</package>
<package id="4d5a734c-6057-4e9d-9ca4-6dd931e2f076" label="close" parentpath="" path="/close">
<action id="741398e4-787b-4460-8b03-b476ce044aeb" label="Close session" mgrId="com.alveole.studio.web.managers.Struts2ActionActionManager" packagepath="/close">
<uiPreferences/>
<specific class="com.alveole.helloworld.Action" method="close" path="close">
<interceptors/>
</specific>
</action>
<view id="8a4e3c90-d63e-48f0-9e28-3fac54f82875" label="Close" mgrId="com.alveole.studio.web.managers.JspGenericViewManager" packagepath="/close">
<specific jsp.path="/jsp/close.jsp"/>
</view>
</package>
</package>
<links>
<link from="c72c7e9c-6bcd-49c3-aaf5-275f39411d4f" label="" linkMgrId="com.alveole.studio.links.PackageToAny" to="075618a5-d3da-488c-b907-d91bb347d687">
<specific arrow1="false" arrow2="true">
<attributes/>
</specific>
</link>
<link from="075618a5-d3da-488c-b907-d91bb347d687" label="" linkMgrId="com.alveole.studio.links.PackageToAny" to="4d5a734c-6057-4e9d-9ca4-6dd931e2f076">
<specific arrow1="false" arrow2="true">
<attributes/>
</specific>
</link>
<link from="3d83ffb6-73c7-40e1-ad76-f0e8e4262f1e" label="success" linkMgrId="com.alveole.studio.links.Struts2ToAnyView" to="429e00b9-349b-474e-a691-eac492aad7e2">
<specific arrow1="false" arrow2="true">
<attributes>
<attribute name="name">success</attribute>
<attribute name="forward">dispatcher</attribute>
</attributes>
</specific>
</link>
<link from="429e00b9-349b-474e-a691-eac492aad7e2" label="" linkMgrId="com.alveole.studio.links.PackageToAny" to="075618a5-d3da-488c-b907-d91bb347d687">
<specific arrow1="false" arrow2="true">
<attributes/>
</specific>
</link>
<link from="429e00b9-349b-474e-a691-eac492aad7e2" label="next" linkMgrId="com.alveole.studio.links.JspToAnyUrl" to="f2b05daa-377b-47e0-bf46-6ea0759b3229">
<specific arrow1="false" arrow2="true">
<attributes>
<attribute name="name">next</attribute>
</attributes>
</specific>
</link>
<link from="f2b05daa-377b-47e0-bf46-6ea0759b3229" label="hello" linkMgrId="com.alveole.studio.links.Struts2ToAnyView" to="d1082c64-596d-4a85-a0c0-67ef03d9f37e">
<specific arrow1="false" arrow2="true">
<attributes>
<attribute name="name">hello</attribute>
<attribute name="forward">dispatcher</attribute>
</attributes>
</specific>
</link>
<link from="d1082c64-596d-4a85-a0c0-67ef03d9f37e" label="" linkMgrId="com.alveole.studio.links.PackageToAny" to="4d5a734c-6057-4e9d-9ca4-6dd931e2f076">
<specific arrow1="false" arrow2="true">
<attributes/>
</specific>
</link>
<link from="d1082c64-596d-4a85-a0c0-67ef03d9f37e" label="next" linkMgrId="com.alveole.studio.links.JspToAnyUrl" to="741398e4-787b-4460-8b03-b476ce044aeb">
<specific arrow1="false" arrow2="true">
<attributes>
<attribute name="name">next</attribute>
</attributes>
</specific>
</link>
<link from="741398e4-787b-4460-8b03-b476ce044aeb" label="success" linkMgrId="com.alveole.studio.links.Struts2ToAnyView" to="8a4e3c90-d63e-48f0-9e28-3fac54f82875">
<specific arrow1="false" arrow2="true">
<attributes>
<attribute name="name">success</attribute>
<attribute name="forward">dispatcher</attribute>
</attributes>
</specific>
</link>
<link from="f2b05daa-377b-47e0-bf46-6ea0759b3229" label="bye" linkMgrId="com.alveole.studio.links.Struts2ToAnyView" to="92d96a9e-a70b-417d-99a6-f8ce5ff17ce6">
<specific arrow1="false" arrow2="true">
<attributes>
<attribute name="name">bye</attribute>
<attribute name="forward">dispatcher</attribute>
</attributes>
</specific>
</link>
<link from="92d96a9e-a70b-417d-99a6-f8ce5ff17ce6" label="" linkMgrId="com.alveole.studio.links.PackageToAny" to="4d5a734c-6057-4e9d-9ca4-6dd931e2f076">
<specific arrow1="false" arrow2="true">
<attributes/>
</specific>
</link>
<link from="92d96a9e-a70b-417d-99a6-f8ce5ff17ce6" label="next" linkMgrId="com.alveole.studio.links.JspToAnyUrl" to="741398e4-787b-4460-8b03-b476ce044aeb">
<specific arrow1="false" arrow2="true">
<attributes>
<attribute name="name">next</attribute>
</attributes>
</specific>
</link>
</links>
<projectproperties>
<plugin id="com.alveole.studio.properties.Struts2PropertiesEditor"/>
</projectproperties>
<features>
<feature name="com.alveole.studio.struts2"/>
</features>
</webProject>
